{"cameraMode":{"drawMode":0,"name":"Shaded","section":"Shading Mode"},"sceneLighting":true,"audioPlay":false,"sceneViewState":{"showFog":true,"showMaterialUpdate":true,"showSkybox":true,"showFlares":true,"showImageEffects":true,"showParticleSystems":true},"in2DMode":false,"pivot":{"x":-8.082846641540528,"y":-51.606468200683597,"z":130.857177734375},"rotation":{"x":0.1984798163175583,"y":-0.005885949824005365,"z":0.0011903266422450543,"w":0.9800898432731628},"size":82.97142791748047,"orthographic":false}